subject,trial_idx,word,n_channels,split
SUB1,0,helft,127,train
SUB1,1,hierop,127,train
SUB1,2,stiekem,127,train
SUB1,3,en,127,train
SUB1,4,zevenduizend,127,train
SUB1,5,braadde,127,train
SUB1,6,vloog,127,train
SUB1,7,werd,127,train
SUB1,8,wegpakte,127,train
SUB1,9,wak,127,train
SUB1,10,zich,127,train
SUB1,11,9,127,train
SUB1,12,10,127,train
SUB1,13,tuwiet,127,train
SUB1,14,bakker,127,train
SUB1,15,hem,127,train
SUB1,16,kin,127,train
SUB1,17,stilstaan,127,train
SUB1,18,bevrijd,127,train
SUB1,19,aan,127,train
SUB1,20,wel,127,train
SUB1,21,was,127,train
SUB1,22,hoe,127,train
SUB1,23,8,127,train
SUB1,24,groen,127,train
SUB1,25,maantje,127,train
SUB1,26,vogelkooitje,127,train
SUB1,27,6,127,train
SUB1,28,teruggekregen,127,train
SUB1,29,wanneer,127,train
SUB1,30,juist,127,train
SUB1,31,zanddak,127,train
SUB1,32,lij,127,train
SUB1,33,of,127,train
SUB1,34,over,127,train
SUB1,35,dat,127,train
SUB1,36,betovering,127,train
SUB1,37,gefluit,127,train
SUB1,38,3,127,train
SUB1,39,zei,127,train
SUB1,40,bak,127,train
SUB1,41,5,127,train
SUB1,42,niet,127,train
SUB1,43,nachtegalen,127,train
SUB1,44,te,127,train
SUB1,45,komt,127,train
SUB1,46,van,127,train
SUB1,47,dauwdruppel,127,train
SUB1,48,met,127,train
SUB1,49,sterkste,127,train
SUB1,50,totdat,127,train
SUB1,51,helemaal,127,train
SUB1,52,mooie,127,train
SUB1,53,sprong,127,train
SUB1,54,ze,127,train
SUB1,55,smeekte,127,train
SUB1,56,pak,127,train
SUB1,57,boomstammen,127,train
SUB1,58,dan,127,train
SUB1,59,er,127,train
SUB1,60,onmiddellijk,127,train
SUB1,61,vogeltje,127,train
SUB1,62,dit,127,train
SUB1,63,door,127,train
SUB1,64,mooi,127,train
SUB1,65,een,127,train
SUB1,66,zijn,127,train
SUB1,67,nog,127,train
SUB1,68,op,127,train
SUB1,69,verstijfde,127,train
SUB1,70,al,127,train
SUB1,71,het,127,train
SUB1,72,haar,127,train
SUB1,73,redetwisten,127,train
SUB1,74,om,127,train
SUB1,75,kasteel,127,train
SUB1,76,vak,127,train
SUB1,77,7,127,train
SUB1,78,donkere,127,train
SUB1,79,struik,127,train
SUB1,80,naar,127,val
SUB1,81,maar,127,val
SUB1,82,ook,127,val
SUB1,83,verdwaald,127,val
SUB1,84,12,127,val
SUB1,85,dakker,127,val
SUB1,86,je,127,val
SUB1,87,direct,127,val
SUB1,88,2,127,val
SUB1,89,spreuk,127,val
SUB1,90,binnenplaats,127,test
SUB1,91,hij,127,test
SUB1,92,onschuldig,127,test
SUB1,93,als,127,test
SUB1,94,`s,127,test
SUB1,95,tussen,127,test
SUB1,96,zo,127,test
SUB1,97,meisjes,127,test
SUB1,98,veel,127,test
SUB1,99,schold,127,test
SUB2,0,ook,127,train
SUB2,1,als,127,train
SUB2,2,noordenwind,127,train
SUB2,3,vak,127,train
SUB2,4,over,127,train
SUB2,5,onmiddellijk,127,train
SUB2,6,onschuldig,127,train
SUB2,7,verstijfde,127,train
SUB2,8,ze,127,train
SUB2,9,groen,127,train
SUB2,10,dakker,127,train
SUB2,11,erheen,127,train
SUB2,12,dan,127,train
SUB2,13,terugvinden,127,train
SUB2,14,bak,127,train
SUB2,15,schold,127,train
SUB2,16,3,127,train
SUB2,17,9,127,train
SUB2,18,11,127,train
SUB2,19,wel,127,train
SUB2,20,of,127,train
SUB2,21,haar,127,train
SUB2,22,wanneer,127,train
SUB2,23,hierop,127,train
SUB2,24,met,127,train
SUB2,25,zanddak,127,train
SUB2,26,kin,127,train
SUB2,27,sprong,127,train
SUB2,28,gefluit,127,train
SUB2,29,zonlicht,127,train
SUB2,30,tak,127,train
SUB2,31,bij,127,train
SUB2,32,uittrekken,127,train
SUB2,33,verdwaald,127,train
SUB2,34,nachtegalen,127,train
SUB2,35,vlakbij,127,train
SUB2,36,binnenplaats,127,train
SUB2,37,alsof,127,train
SUB2,38,hij,127,train
SUB2,39,te,127,train
SUB2,40,wegpakte,127,train
SUB2,41,tussen,127,train
SUB2,42,een,127,train
SUB2,43,maar,127,train
SUB2,44,totdat,127,train
SUB2,45,dauwdruppel,127,train
SUB2,46,van,127,train
SUB2,47,stiekem,127,train
SUB2,48,`s,127,train
SUB2,49,naar,127,train
SUB2,50,zo,127,train
SUB2,51,teruggekregen,127,train
SUB2,52,wat,127,train
SUB2,53,betovering,127,train
SUB2,54,boomstammen,127,train
SUB2,55,in,127,train
SUB2,56,tuwiet,127,train
SUB2,57,2,127,train
SUB2,58,de,127,train
SUB2,59,zei,127,train
SUB2,60,donkere,127,train
SUB2,61,uit,127,train
SUB2,62,redetwisten,127,train
SUB2,63,kwamen,127,train
SUB2,64,sterkste,127,train
SUB2,65,stilstaan,127,train
SUB2,66,8,127,train
SUB2,67,doodsbang,127,train
SUB2,68,er,127,train
SUB2,69,niet,127,train
SUB2,70,was,127,train
SUB2,71,mij,127,train
SUB2,72,al,127,train
SUB2,73,die,127,train
SUB2,74,helft,127,train
SUB2,75,werd,127,train
SUB2,76,mooie,127,train
SUB2,77,12,127,train
SUB2,78,op,127,train
SUB2,79,vogeltje,127,train
SUB2,80,zijn,127,val
SUB2,81,het,127,val
SUB2,82,mijn,127,val
SUB2,83,10,127,val
SUB2,84,direct,127,val
SUB2,85,zich,127,val
SUB2,86,moment,127,val
SUB2,87,nog,127,val
SUB2,88,waren,127,val
SUB2,89,kasteel,127,val
SUB2,90,aan,127,test
SUB2,91,door,127,test
SUB2,92,hem,127,test
SUB2,93,7,127,test
SUB2,94,nu,127,test
SUB2,95,zandbak,127,test
SUB2,96,zou,127,test
SUB2,97,verlost,127,test
SUB2,98,braadde,127,test
SUB2,99,spreuk,127,test
SUB3,0,buurt,127,train
SUB3,1,meisjes,127,train
SUB3,2,7,127,train
SUB3,3,vogeltje,127,train
SUB3,4,betovering,127,train
SUB3,5,haar,127,train
SUB3,6,zandbak,127,train
SUB3,7,wegpakte,127,train
SUB3,8,struik,127,train
SUB3,9,om,127,train
SUB3,10,nog,127,train
SUB3,11,hij,127,train
SUB3,12,erheen,127,train
SUB3,13,braadde,127,train
SUB3,14,totdat,127,train
SUB3,15,sprong,127,train
SUB3,16,over,127,train
SUB3,17,de,127,train
SUB3,18,komt,127,train
SUB3,19,zanddak,127,train
SUB3,20,schold,127,train
SUB3,21,spreuk,127,train
SUB3,22,je,127,train
SUB3,23,ze,127,train
SUB3,24,zijn,127,train
SUB3,25,tussen,127,train
SUB3,26,hun,127,train
SUB3,27,niet,127,train
SUB3,28,4,127,train
SUB3,29,tot,127,train
SUB3,30,vogelkooitje,127,train
SUB3,31,uittrekken,127,train
SUB3,32,donkere,127,train
SUB3,33,of,127,train
SUB3,34,naar,127,train
SUB3,35,`s,127,train
SUB3,36,hoe,127,train
SUB3,37,verdwaald,127,train
SUB3,38,geen,127,train
SUB3,39,er,127,train
SUB3,40,kwamen,127,train
SUB3,41,bak,127,train
SUB3,42,daarna,127,train
SUB3,43,verlost,127,train
SUB3,44,nu,127,train
SUB3,45,hierop,127,train
SUB3,46,wat,127,train
SUB3,47,bij,127,train
SUB3,48,bloedrode,127,train
SUB3,49,juist,127,train
SUB3,50,hem,127,train
SUB3,51,werd,127,train
SUB3,52,9,127,train
SUB3,53,stilstaan,127,train
SUB3,54,door,127,train
SUB3,55,deur,127,train
SUB3,56,dichtbij,127,train
SUB3,57,zich,127,train
SUB3,58,nachtegalen,127,train
SUB3,59,vloog,127,train
SUB3,60,mooie,127,train
SUB3,61,teruggekregen,127,train
SUB3,62,11,127,train
SUB3,63,van,127,train
SUB3,64,zonlicht,127,train
SUB3,65,zo,127,train
SUB3,66,verstijfde,127,train
SUB3,67,op,127,train
SUB3,68,en,127,train
SUB3,69,wak,127,train
SUB3,70,veel,127,train
SUB3,71,helft,127,train
SUB3,72,dan,127,train
SUB3,73,wel,127,train
SUB3,74,zou,127,train
SUB3,75,8,127,train
SUB3,76,had,127,train
SUB3,77,smeekte,127,train
SUB3,78,aan,127,train
SUB3,79,ook,127,train
SUB3,80,bevrijd,127,val
SUB3,81,met,127,val
SUB3,82,groen,127,val
SUB3,83,5,127,val
SUB3,84,in,127,val
SUB3,85,mooi,127,val
SUB3,86,dauwdruppel,127,val
SUB3,87,maantje,127,val
SUB3,88,kin,127,val
SUB3,89,het,127,val
SUB3,90,maar,127,test
SUB3,91,te,127,test
SUB3,92,1,127,test
SUB3,93,alsof,127,test
SUB3,94,helemaal,127,test
SUB3,95,onmiddellijk,127,test
SUB3,96,bakker,127,test
SUB3,97,2,127,test
SUB3,98,vak,127,test
SUB3,99,dak,127,test
SUB4,0,vogeltje,115,train
SUB4,1,wel,115,train
SUB4,2,mooi,115,train
SUB4,3,daarna,115,train
SUB4,4,kasteel,115,train
SUB4,5,dit,115,train
SUB4,6,dan,115,train
SUB4,7,helemaal,115,train
SUB4,8,wegpakte,115,train
SUB4,9,of,115,train
SUB4,10,zou,115,train
SUB4,11,9,115,train
SUB4,12,teruggekregen,115,train
SUB4,13,bij,115,train
SUB4,14,redetwisten,115,train
SUB4,15,dakker,115,train
SUB4,16,zijn,115,train
SUB4,17,was,115,train
SUB4,18,naar,115,train
SUB4,19,bloedrode,115,train
SUB4,20,direct,115,train
SUB4,21,7,115,train
SUB4,22,stilstaan,115,train
SUB4,23,aan,115,train
SUB4,24,veel,115,train
SUB4,25,komt,115,train
SUB4,26,zei,115,train
SUB4,27,10,115,train
SUB4,28,over,115,train
SUB4,29,ook,115,train
SUB4,30,ze,115,train
SUB4,31,werd,115,train
SUB4,32,nachtegalen,115,train
SUB4,33,in,115,train
SUB4,34,betovering,115,train
SUB4,35,2,115,train
SUB4,36,braadde,115,train
SUB4,37,zich,115,train
SUB4,38,juist,115,train
SUB4,39,en,115,train
SUB4,40,groen,115,train
SUB4,41,zandbak,115,train
SUB4,42,`s,115,train
SUB4,43,sok,115,train
SUB4,44,had,115,train
SUB4,45,bakker,115,train
SUB4,46,4,115,train
SUB4,47,smeekte,115,train
SUB4,48,mij,115,train
SUB4,49,mijn,115,train
SUB4,50,vogelkooitje,115,train
SUB4,51,geen,115,train
SUB4,52,hierop,115,train
SUB4,53,dat,115,train
SUB4,54,voor,115,train
SUB4,55,spreuk,115,train
SUB4,56,deur,115,train
SUB4,57,helft,115,train
SUB4,58,donkere,115,train
SUB4,59,het,115,train
SUB4,60,uit,115,train
SUB4,61,tussen,115,train
SUB4,62,zevenduizend,115,train
SUB4,63,de,115,train
SUB4,64,tuwiet,115,train
SUB4,65,8,115,train
SUB4,66,tak,115,train
SUB4,67,gefluit,115,train
SUB4,68,kwamen,115,train
SUB4,69,lij,115,train
SUB4,70,met,115,train
SUB4,71,bevrijd,115,train
SUB4,72,erheen,115,train
SUB4,73,vlakbij,115,train
SUB4,74,maar,115,train
SUB4,75,struik,115,train
SUB4,76,als,115,train
SUB4,77,er,115,train
SUB4,78,dauwdruppel,115,train
SUB4,79,tot,115,train
SUB4,80,zanddak,115,val
SUB4,81,nu,115,val
SUB4,82,bak,115,val
SUB4,83,om,115,val
SUB4,84,zo,115,val
SUB4,85,pak,115,val
SUB4,86,onmiddellijk,115,val
SUB4,87,vak,115,val
SUB4,88,alsof,115,val
SUB4,89,verdwaald,115,val
SUB4,90,maantje,115,test
SUB4,91,al,115,test
SUB4,92,mooie,115,test
SUB4,93,5,115,test
SUB4,94,3,115,test
SUB4,95,je,115,test
SUB4,96,haar,115,test
SUB4,97,dak,115,test
SUB4,98,door,115,test
SUB4,99,onschuldig,115,test
SUB5,0,verlost,60,train
SUB5,1,terugvinden,60,train
SUB5,2,er,60,train
SUB5,3,hem,60,train
SUB5,4,tot,60,train
SUB5,5,wat,60,train
SUB5,6,dakker,60,train
SUB5,7,teruggekregen,60,train
SUB5,8,niet,60,train
SUB5,9,stiekem,60,train
SUB5,10,tussen,60,train
SUB5,11,veel,60,train
SUB5,12,dak,60,train
SUB5,13,waren,60,train
SUB5,14,naar,60,train
SUB5,15,deur,60,train
SUB5,16,8,60,train
SUB5,17,in,60,train
SUB5,18,vak,60,train
SUB5,19,dat,60,train
SUB5,20,de,60,train
SUB5,21,al,60,train
SUB5,22,doodsbang,60,train
SUB5,23,zandbak,60,train
SUB5,24,sprong,60,train
SUB5,25,als,60,train
SUB5,26,het,60,train
SUB5,27,lij,60,train
SUB5,28,kasteel,60,train
SUB5,29,hun,60,train
SUB5,30,direct,60,train
SUB5,31,helemaal,60,train
SUB5,32,betovering,60,train
SUB5,33,zevenduizend,60,train
SUB5,34,te,60,train
SUB5,35,zijn,60,train
SUB5,36,erheen,60,train
SUB5,37,alsof,60,train
SUB5,38,zou,60,train
SUB5,39,of,60,train
SUB5,40,nachtegalen,60,train
SUB5,41,5,60,train
SUB5,42,met,60,train
SUB5,43,bevrijd,60,train
SUB5,44,1,60,train
SUB5,45,totdat,60,train
SUB5,46,moment,60,train
SUB5,47,zonlicht,60,train
SUB5,48,maar,60,train
SUB5,49,zo,60,train
SUB5,50,smeekte,60,train
SUB5,51,daarna,60,train
SUB5,52,sok,60,train
SUB5,53,ook,60,train
SUB5,54,2,60,train
SUB5,55,wegpakte,60,train
SUB5,56,bij,60,train
SUB5,57,kin,60,train
SUB5,58,bakker,60,train
SUB5,59,10,60,train
SUB5,60,mij,60,train
SUB5,61,11,60,train
SUB5,62,verstijfde,60,train
SUB5,63,had,60,train
SUB5,64,hij,60,train
SUB5,65,groen,60,train
SUB5,66,je,60,train
SUB5,67,wel,60,train
SUB5,68,struik,60,train
SUB5,69,zanddak,60,train
SUB5,70,en,60,train
SUB5,71,tuwiet,60,train
SUB5,72,schold,60,train
SUB5,73,zei,60,train
SUB5,74,dan,60,train
SUB5,75,was,60,train
SUB5,76,haar,60,train
SUB5,77,kwamen,60,train
SUB5,78,een,60,train
SUB5,79,op,60,train
SUB5,80,pak,60,val
SUB5,81,tak,60,val
SUB5,82,6,60,val
SUB5,83,ze,60,val
SUB5,84,komt,60,val
SUB5,85,binnenplaats,60,val
SUB5,86,juist,60,val
SUB5,87,hoe,60,val
SUB5,88,helft,60,val
SUB5,89,hierop,60,val
SUB5,90,vogeltje,60,test
SUB5,91,nog,60,test
SUB5,92,vloog,60,test
SUB5,93,boomstammen,60,test
SUB5,94,wanneer,60,test
SUB5,95,`s,60,test
SUB5,96,spreuk,60,test
SUB5,97,mooie,60,test
SUB5,98,gefluit,60,test
SUB5,99,braadde,60,test
SUB6,0,hoe,127,train
SUB6,1,zevenduizend,127,train
SUB6,2,en,127,train
SUB6,3,het,127,train
SUB6,4,smeekte,127,train
SUB6,5,in,127,train
SUB6,6,verlost,127,train
SUB6,7,maar,127,train
SUB6,8,met,127,train
SUB6,9,juist,127,train
SUB6,10,uittrekken,127,train
SUB6,11,de,127,train
SUB6,12,`s,127,train
SUB6,13,ze,127,train
SUB6,14,boomstammen,127,train
SUB6,15,vogeltje,127,train
SUB6,16,over,127,train
SUB6,17,of,127,train
SUB6,18,donkere,127,train
SUB6,19,zonlicht,127,train
SUB6,20,vloog,127,train
SUB6,21,zijn,127,train
SUB6,22,kwamen,127,train
SUB6,23,alsof,127,train
SUB6,24,door,127,train
SUB6,25,sprong,127,train
SUB6,26,naar,127,train
SUB6,27,een,127,train
SUB6,28,als,127,train
SUB6,29,3,127,train
SUB6,30,waren,127,train
SUB6,31,hierop,127,train
SUB6,32,zei,127,train
SUB6,33,tussen,127,train
SUB6,34,wat,127,train
SUB6,35,erheen,127,train
SUB6,36,bakker,127,train
SUB6,37,nu,127,train
SUB6,38,daarna,127,train
SUB6,39,moment,127,train
SUB6,40,aan,127,train
SUB6,41,1,127,train
SUB6,42,mijn,127,train
SUB6,43,kin,127,train
SUB6,44,wak,127,train
SUB6,45,tuwiet,127,train
SUB6,46,dat,127,train
SUB6,47,sterkste,127,train
SUB6,48,onschuldig,127,train
SUB6,49,schold,127,train
SUB6,50,verstijfde,127,train
SUB6,51,bevrijd,127,train
SUB6,52,al,127,train
SUB6,53,verdwaald,127,train
SUB6,54,ook,127,train
SUB6,55,bloedrode,127,train
SUB6,56,helemaal,127,train
SUB6,57,8,127,train
SUB6,58,kasteel,127,train
SUB6,59,op,127,train
SUB6,60,bij,127,train
SUB6,61,er,127,train
SUB6,62,groen,127,train
SUB6,63,sok,127,train
SUB6,64,had,127,train
SUB6,65,direct,127,train
SUB6,66,vlakbij,127,train
SUB6,67,12,127,train
SUB6,68,buurt,127,train
SUB6,69,helft,127,train
SUB6,70,veel,127,train
SUB6,71,dit,127,train
SUB6,72,gefluit,127,train
SUB6,73,binnenplaats,127,train
SUB6,74,zanddak,127,train
SUB6,75,wegpakte,127,train
SUB6,76,nog,127,train
SUB6,77,dakker,127,train
SUB6,78,nachtegalen,127,train
SUB6,79,tot,127,train
SUB6,80,dak,127,val
SUB6,81,dichtbij,127,val
SUB6,82,van,127,val
SUB6,83,meisjes,127,val
SUB6,84,zandbak,127,val
SUB6,85,bak,127,val
SUB6,86,teruggekregen,127,val
SUB6,87,stilstaan,127,val
SUB6,88,struik,127,val
SUB6,89,totdat,127,val
SUB6,90,terugvinden,127,test
SUB6,91,om,127,test
SUB6,92,te,127,test
SUB6,93,lij,127,test
SUB6,94,dan,127,test
SUB6,95,betovering,127,test
SUB6,96,mooie,127,test
SUB6,97,zou,127,test
SUB6,98,wel,127,test
SUB6,99,11,127,test
SUB7,0,zanddak,127,train
SUB7,1,als,127,train
SUB7,2,terugvinden,127,train
SUB7,3,wegpakte,127,train
SUB7,4,onmiddellijk,127,train
SUB7,5,braadde,127,train
SUB7,6,direct,127,train
SUB7,7,ook,127,train
SUB7,8,te,127,train
SUB7,9,veel,127,train
SUB7,10,meisjes,127,train
SUB7,11,onschuldig,127,train
SUB7,12,dauwdruppel,127,train
SUB7,13,er,127,train
SUB7,14,vak,127,train
SUB7,15,gefluit,127,train
SUB7,16,teruggekregen,127,train
SUB7,17,doodsbang,127,train
SUB7,18,met,127,train
SUB7,19,niet,127,train
SUB7,20,helft,127,train
SUB7,21,zich,127,train
SUB7,22,verlost,127,train
SUB7,23,vogeltje,127,train
SUB7,24,5,127,train
SUB7,25,zo,127,train
SUB7,26,aan,127,train
SUB7,27,maantje,127,train
SUB7,28,wat,127,train
SUB7,29,zei,127,train
SUB7,30,werd,127,train
SUB7,31,7,127,train
SUB7,32,hoe,127,train
SUB7,33,dat,127,train
SUB7,34,stilstaan,127,train
SUB7,35,sterkste,127,train
SUB7,36,mij,127,train
SUB7,37,in,127,train
SUB7,38,totdat,127,train
SUB7,39,tak,127,train
SUB7,40,bak,127,train
SUB7,41,en,127,train
SUB7,42,geen,127,train
SUB7,43,nachtegalen,127,train
SUB7,44,dichtbij,127,train
SUB7,45,uit,127,train
SUB7,46,pak,127,train
SUB7,47,11,127,train
SUB7,48,bakker,127,train
SUB7,49,wak,127,train
SUB7,50,12,127,train
SUB7,51,bloedrode,127,train
SUB7,52,zou,127,train
SUB7,53,6,127,train
SUB7,54,nog,127,train
SUB7,55,schold,127,train
SUB7,56,spreuk,127,train
SUB7,57,betovering,127,train
SUB7,58,vloog,127,train
SUB7,59,die,127,train
SUB7,60,mooi,127,train
SUB7,61,dit,127,train
SUB7,62,wel,127,train
SUB7,63,kin,127,train
SUB7,64,dak,127,train
SUB7,65,lij,127,train
SUB7,66,waren,127,train
SUB7,67,juist,127,train
SUB7,68,sok,127,train
SUB7,69,naar,127,train
SUB7,70,maar,127,train
SUB7,71,groen,127,train
SUB7,72,10,127,train
SUB7,73,dakker,127,train
SUB7,74,mooie,127,train
SUB7,75,hun,127,train
SUB7,76,2,127,train
SUB7,77,hem,127,train
SUB7,78,alsof,127,train
SUB7,79,had,127,train
SUB7,80,smeekte,127,val
SUB7,81,hierop,127,val
SUB7,82,van,127,val
SUB7,83,1,127,val
SUB7,84,noordenwind,127,val
SUB7,85,wanneer,127,val
SUB7,86,`s,127,val
SUB7,87,mijn,127,val
SUB7,88,sprong,127,val
SUB7,89,8,127,val
SUB7,90,een,127,test
SUB7,91,de,127,test
SUB7,92,uittrekken,127,test
SUB7,93,vlakbij,127,test
SUB7,94,deur,127,test
SUB7,95,erheen,127,test
SUB7,96,bevrijd,127,test
SUB7,97,9,127,test
SUB7,98,dan,127,test
SUB7,99,donkere,127,test
SUB8,0,de,54,train
SUB8,1,buurt,54,train
SUB8,2,verstijfde,54,train
SUB8,3,zonlicht,54,train
SUB8,4,zevenduizend,54,train
SUB8,5,dit,54,train
SUB8,6,stiekem,54,train
SUB8,7,naar,54,train
SUB8,8,onmiddellijk,54,train
SUB8,9,wak,54,train
SUB8,10,wanneer,54,train
SUB8,11,als,54,train
SUB8,12,braadde,54,train
SUB8,13,bak,54,train
SUB8,14,daarna,54,train
SUB8,15,lij,54,train
SUB8,16,waren,54,train
SUB8,17,helemaal,54,train
SUB8,18,moment,54,train
SUB8,19,zich,54,train
SUB8,20,die,54,train
SUB8,21,dakker,54,train
SUB8,22,2,54,train
SUB8,23,direct,54,train
SUB8,24,zei,54,train
SUB8,25,7,54,train
SUB8,26,verlost,54,train
SUB8,27,je,54,train
SUB8,28,vloog,54,train
SUB8,29,dichtbij,54,train
SUB8,30,3,54,train
SUB8,31,zo,54,train
SUB8,32,er,54,train
SUB8,33,betovering,54,train
SUB8,34,geen,54,train
SUB8,35,nog,54,train
SUB8,36,sterkste,54,train
SUB8,37,terugvinden,54,train
SUB8,38,over,54,train
SUB8,39,kwamen,54,train
SUB8,40,dan,54,train
SUB8,41,struik,54,train
SUB8,42,uittrekken,54,train
SUB8,43,voor,54,train
SUB8,44,bakker,54,train
SUB8,45,tuwiet,54,train
SUB8,46,maar,54,train
SUB8,47,bevrijd,54,train
SUB8,48,meisjes,54,train
SUB8,49,zanddak,54,train
SUB8,50,van,54,train
SUB8,51,aan,54,train
SUB8,52,10,54,train
SUB8,53,kin,54,train
SUB8,54,mooi,54,train
SUB8,55,zou,54,train
SUB8,56,bij,54,train
SUB8,57,vogeltje,54,train
SUB8,58,pak,54,train
SUB8,59,alsof,54,train
SUB8,60,bloedrode,54,train
SUB8,61,11,54,train
SUB8,62,redetwisten,54,train
SUB8,63,mijn,54,train
SUB8,64,dauwdruppel,54,train
SUB8,65,wel,54,train
SUB8,66,hun,54,train
SUB8,67,in,54,train
SUB8,68,noordenwind,54,train
SUB8,69,veel,54,train
SUB8,70,was,54,train
SUB8,71,mij,54,train
SUB8,72,stilstaan,54,train
SUB8,73,doodsbang,54,train
SUB8,74,wat,54,train
SUB8,75,werd,54,train
SUB8,76,nu,54,train
SUB8,77,door,54,train
SUB8,78,nachtegalen,54,train
SUB8,79,een,54,train
SUB8,80,al,54,val
SUB8,81,boomstammen,54,val
SUB8,82,donkere,54,val
SUB8,83,mooie,54,val
SUB8,84,vlakbij,54,val
SUB8,85,het,54,val
SUB8,86,onschuldig,54,val
SUB8,87,erheen,54,val
SUB8,88,vogelkooitje,54,val
SUB8,89,sprong,54,val
SUB8,90,komt,54,test
SUB8,91,maantje,54,test
SUB8,92,had,54,test
SUB8,93,6,54,test
SUB8,94,hoe,54,test
SUB8,95,`s,54,test
SUB8,96,8,54,test
SUB8,97,met,54,test
SUB8,98,gefluit,54,test
SUB8,99,op,54,test
SUB9,0,tak,117,train
SUB9,1,veel,117,train
SUB9,2,helemaal,117,train
SUB9,3,van,117,train
SUB9,4,buurt,117,train
SUB9,5,6,117,train
SUB9,6,dichtbij,117,train
SUB9,7,over,117,train
SUB9,8,te,117,train
SUB9,9,stilstaan,117,train
SUB9,10,aan,117,train
SUB9,11,en,117,train
SUB9,12,alsof,117,train
SUB9,13,sok,117,train
SUB9,14,braadde,117,train
SUB9,15,9,117,train
SUB9,16,in,117,train
SUB9,17,lij,117,train
SUB9,18,was,117,train
SUB9,19,stiekem,117,train
SUB9,20,hij,117,train
SUB9,21,juist,117,train
SUB9,22,hoe,117,train
SUB9,23,schold,117,train
SUB9,24,op,117,train
SUB9,25,maar,117,train
SUB9,26,5,117,train
SUB9,27,tot,117,train
SUB9,28,8,117,train
SUB9,29,zanddak,117,train
SUB9,30,geen,117,train
SUB9,31,dak,117,train
SUB9,32,zei,117,train
SUB9,33,dakker,117,train
SUB9,34,zonlicht,117,train
SUB9,35,vogeltje,117,train
SUB9,36,verdwaald,117,train
SUB9,37,voor,117,train
SUB9,38,zich,117,train
SUB9,39,vloog,117,train
SUB9,40,spreuk,117,train
SUB9,41,noordenwind,117,train
SUB9,42,dan,117,train
SUB9,43,teruggekregen,117,train
SUB9,44,uittrekken,117,train
SUB9,45,wegpakte,117,train
SUB9,46,bloedrode,117,train
SUB9,47,je,117,train
SUB9,48,onschuldig,117,train
SUB9,49,struik,117,train
SUB9,50,binnenplaats,117,train
SUB9,51,1,117,train
SUB9,52,kin,117,train
SUB9,53,hierop,117,train
SUB9,54,tuwiet,117,train
SUB9,55,smeekte,117,train
SUB9,56,tussen,117,train
SUB9,57,nu,117,train
SUB9,58,vogelkooitje,117,train
SUB9,59,verstijfde,117,train
SUB9,60,zandbak,117,train
SUB9,61,vak,117,train
SUB9,62,zevenduizend,117,train
SUB9,63,om,117,train
SUB9,64,een,117,train
SUB9,65,naar,117,train
SUB9,66,3,117,train
SUB9,67,12,117,train
SUB9,68,komt,117,train
SUB9,69,mijn,117,train
SUB9,70,kasteel,117,train
SUB9,71,hem,117,train
SUB9,72,door,117,train
SUB9,73,wat,117,train
SUB9,74,de,117,train
SUB9,75,sterkste,117,train
SUB9,76,die,117,train
SUB9,77,sprong,117,train
SUB9,78,zijn,117,train
SUB9,79,maantje,117,train
SUB9,80,of,117,val
SUB9,81,totdat,117,val
SUB9,82,nachtegalen,117,val
SUB9,83,moment,117,val
SUB9,84,als,117,val
SUB9,85,10,117,val
SUB9,86,kwamen,117,val
SUB9,87,11,117,val
SUB9,88,groen,117,val
SUB9,89,werd,117,val
SUB9,90,mooi,117,test
SUB9,91,4,117,test
SUB9,92,mij,117,test
SUB9,93,uit,117,test
SUB9,94,wanneer,117,test
SUB9,95,met,117,test
SUB9,96,wel,117,test
SUB9,97,had,117,test
SUB9,98,deur,117,test
SUB9,99,waren,117,test
SUB10,0,5,122,train
SUB10,1,naar,122,train
SUB10,2,braadde,122,train
SUB10,3,zo,122,train
SUB10,4,onmiddellijk,122,train
SUB10,5,verstijfde,122,train
SUB10,6,door,122,train
SUB10,7,10,122,train
SUB10,8,12,122,train
SUB10,9,hem,122,train
SUB10,10,tuwiet,122,train
SUB10,11,nachtegalen,122,train
SUB10,12,zijn,122,train
SUB10,13,wat,122,train
SUB10,14,vak,122,train
SUB10,15,dauwdruppel,122,train
SUB10,16,tussen,122,train
SUB10,17,zei,122,train
SUB10,18,ze,122,train
SUB10,19,dan,122,train
SUB10,20,deur,122,train
SUB10,21,bij,122,train
SUB10,22,erheen,122,train
SUB10,23,in,122,train
SUB10,24,helemaal,122,train
SUB10,25,`s,122,train
SUB10,26,lij,122,train
SUB10,27,zonlicht,122,train
SUB10,28,of,122,train
SUB10,29,mijn,122,train
SUB10,30,een,122,train
SUB10,31,donkere,122,train
SUB10,32,hij,122,train
SUB10,33,de,122,train
SUB10,34,7,122,train
SUB10,35,van,122,train
SUB10,36,direct,122,train
SUB10,37,met,122,train
SUB10,38,bak,122,train
SUB10,39,het,122,train
SUB10,40,smeekte,122,train
SUB10,41,was,122,train
SUB10,42,kin,122,train
SUB10,43,schold,122,train
SUB10,44,al,122,train
SUB10,45,2,122,train
SUB10,46,daarna,122,train
SUB10,47,uit,122,train
SUB10,48,doodsbang,122,train
SUB10,49,om,122,train
SUB10,50,er,122,train
SUB10,51,verdwaald,122,train
SUB10,52,struik,122,train
SUB10,53,spreuk,122,train
SUB10,54,vlakbij,122,train
SUB10,55,zich,122,train
SUB10,56,verlost,122,train
SUB10,57,mij,122,train
SUB10,58,meisjes,122,train
SUB10,59,sterkste,122,train
SUB10,60,sok,122,train
SUB10,61,3,122,train
SUB10,62,uittrekken,122,train
SUB10,63,4,122,train
SUB10,64,dit,122,train
SUB10,65,zou,122,train
SUB10,66,noordenwind,122,train
SUB10,67,mooi,122,train
SUB10,68,nu,122,train
SUB10,69,voor,122,train
SUB10,70,dakker,122,train
SUB10,71,vogeltje,122,train
SUB10,72,kasteel,122,train
SUB10,73,11,122,train
SUB10,74,je,122,train
SUB10,75,haar,122,train
SUB10,76,bloedrode,122,train
SUB10,77,te,122,train
SUB10,78,1,122,train
SUB10,79,9,122,train
SUB10,80,hun,122,val
SUB10,81,bakker,122,val
SUB10,82,alsof,122,val
SUB10,83,geen,122,val
SUB10,84,stiekem,122,val
SUB10,85,dat,122,val
SUB10,86,had,122,val
SUB10,87,helft,122,val
SUB10,88,ook,122,val
SUB10,89,moment,122,val
SUB10,90,groen,122,test
SUB10,91,veel,122,test
SUB10,92,die,122,test
SUB10,93,nog,122,test
SUB10,94,zevenduizend,122,test
SUB10,95,kwamen,122,test
SUB10,96,dak,122,test
SUB10,97,mooie,122,test
SUB10,98,totdat,122,test
SUB10,99,wel,122,test
